{
  "sample_size": 8,
  "vertex_count": {
    "median": 2043.0,
    "q25": 1993.0,
    "q75": 2682.5
  },
  "face_count": {
    "median": 4028.0,
    "q25": 3917.5,
    "q75": 5290.25
  },
  "bbox_diagonal": {
    "median": 325.03434104863493,
    "q25": 297.8657596266364,
    "q75": 367.05998279013664
  },
  "edge_length": {
    "median": 5.603437740937854,
    "q25": 5.564546628642794,
    "q75": 5.622444586669035
  }
}